mysql> create database Cursor_Ass;
Query OK, 1 row affected (0.02 sec)

mysql> use Cursor_Ass;
Database changed

mysql> create table rollcall(rno int, name varchar(20), addr varchar(30));
Query OK, 0 rows affected (0.06 sec)

mysql> create table n_rollcall(rno int, name varchar(20), addr varchar(30));
Query OK, 0 rows affected (0.01 sec)

mysql> alter table rollcall add primary key(rno);
Query OK, 0 rows affected (0.03 sec)
Records: 0  Duplicates: 0  Warnings: 0

mysql> desc n_rollcall;
+-------+-------------+------+-----+---------+-------+
| Field | Type        | Null | Key | Default | Extra |
+-------+-------------+------+-----+---------+-------+
| rno   | int         | YES  |     | NULL    |       |
| name  | varchar(20) | YES  |     | NULL    |       |
| addr  | varchar(30) | YES  |     | NULL    |       |
+-------+-------------+------+-----+---------+-------+
3 rows in set (0.00 sec)


mysql> desc o_rollcall;
+-------+-------------+------+-----+---------+-------+
| Field | Type        | Null | Key | Default | Extra |
+-------+-------------+------+-----+---------+-------+
| rno   | int         | NO   | PRI | NULL    |       |
| name  | varchar(20) | YES  |     | NULL    |       |
| addr  | varchar(30) | YES  |     | NULL    |       |
+-------+-------------+------+-----+---------+-------+
3 rows in set (0.01 sec)

mysql> insert into o_rollcall values(1, "Akshay", "Kharadi"), (2, "Anurag", "Wagholi"), (3, "Pranit", "Kothrud");
Query OK, 3 rows affected (0.01 sec)
Records: 3  Duplicates: 0  Warnings: 0

mysql> insert into n_rollcall values(1, "Akshay", "Kharadi"), (2, "Anurag", "Wagholi"), (3, "Pranit", "Kothrud");
Query OK, 3 rows affected (0.01 sec)
Records: 3  Duplicates: 0  Warnings: 0

mysql> delimiter //
mysql> create procedure n1(IN rno1 int)
    -> begin 
    -> declare rno2 int;
    -> declare exit_cond boolean;
    -> declare c1 cursor for select rno from o_rollcall where rno>rno1;
    -> declare continue handler for not found set exit_cond=TRUE;
    -> open c1;
    -> l1: loop 
    -> fetch c1 into rno2;
    -> if not exists(select * from n_rollcall where rno= rno2) then 
    -> insert into n_rollcall select * from o_rollcall where rno=rno2;
    -> end if;
    -> if exit_cond then 
    -> close c1;
    -> leave l1;
    -> end if;
    -> end loop l1;
    -> end;
    -> //
Query OK, 0 rows affected (0.04 sec)

mysql> delimiter ;
mysql> insert into o_rollcall values(4, "Lokesh", "Pune"), (5, "Saurabh", "Nande
d");
Query OK, 2 rows affected (0.03 sec)
Records: 2  Duplicates: 0  Warnings: 0

mysql> select * from o_rollcall;
+-----+---------+---------+
| rno | name    | addr    |
+-----+---------+---------+
|   1 | Akshay  | Kharadi |
|   2 | Anurag  | Wagholi |
|   3 | Pranit  | Kothrud |
|   4 | Lokesh  | Pune    |
|   5 | Saurabh | Nanded  |
+-----+---------+---------+
5 rows in set (0.01 sec)

mysql> select * from n_rollcall;
+------+--------+---------+
| rno  | name   | addr    |
+------+--------+---------+
|    1 | Akshay | Kharadi |
|    2 | Anurag | Wagholi |
|    3 | Pranit | Kothrud |
+------+--------+---------+
3 rows in set (0.00 sec)

mysql> call n1(3);
Query OK, 0 rows affected (0.03 sec)

mysql> select * from n_rollcall;
+------+---------+---------+
| rno  | name    | addr    |
+------+---------+---------+
|    1 | Akshay  | Kharadi |
|    2 | Anurag  | Wagholi |
|    3 | Pranit  | Kothrud |
|    4 | Lokesh  | Pune    |
|    5 | Saurabh | Nanded  |
+------+---------+---------+
5 rows in set (0.00 sec)